/feed /feed.xml 301
/blog/feed/ /feed.xml 301

/consulting /games/ 301
/consulting.html /games/ 301
/games.html /games/ 301
/gamesiplay.html /games/ 301
/free-code https://github.com/richardlord 301
/open-source.html https://github.com/richardlord 301

/about/richardlord / 301
/about/richardlord.html / 301
/contact /contact.html 301
/about/contact.html /contact.html 301
/resume.html /games/resume.html 301
/about/resume.html /games/resume.html 301
/works.html /dance/works.html 301
/about/works.html /dance/works.html 301
/about/index.html / 301
/about/ / 301
/about / 301

/dance/progressive /progressive.html 301
/progressive.html /dance/progressive.html 301
/dance/waterfall /waterfall/ 301
/dance/waterfall.html /waterfall/ 301

/presentations/application-frameworks-the-good-the-bad-and-the-ugly.html /blog/presentations/application-frameworks-the-good-the-bad-and-the-ugly.html 301
/presentations/application-frameworks-the-new-kids-on-the-block.html /blog/presentations/application-frameworks-the-new-kids-on-the-block.html 301
/presentations/choreographer-game-designer.html /blog/presentations/choreographer-game-designer.html 301
/presentations/game-architecture-is-different.html /blog/presentations/game-architecture-is-different.html 301
/presentations/open-source-is-for-life-not-just-for-christmas.html /blog/presentations/open-source-is-for-life-not-just-for-christmas.html 301
/presentations/particle-effects-with-flint.html /blog/presentations/particle-effects-with-flint.html 301
/presentations/physics-for-flash-games.html /blog/presentations/physics-for-flash-games.html 301
/presentations/so-many-frameworks-so-little-time.html /blog/presentations/so-many-frameworks-so-little-time.html 301
/presentations/transforming-the-designer-developer-workflow.html /blog/presentations/transforming-the-designer-developer-workflow.html 301

/presentations/application-frameworks-the-good-the-bad-and-the-ugly /blog/presentations/application-frameworks-the-good-the-bad-and-the-ugly.html 301
/presentations/application-frameworks-the-new-kids-on-the-block /blog/presentations/application-frameworks-the-new-kids-on-the-block.html 301
/presentations/choreographer-game-designer /blog/presentations/choreographer-game-designer.html 301
/presentations/game-architecture-is-different /blog/presentations/game-architecture-is-different.html 301
/presentations/open-source-is-for-life-not-just-for-christmas /blog/presentations/open-source-is-for-life-not-just-for-christmas.html 301
/presentations/particle-effects-with-flint /blog/presentations/particle-effects-with-flint.html 301
/presentations/physics-for-flash-games /blog/presentations/physics-for-flash-games.html 301
/presentations/so-many-frameworks-so-little-time /blog/presentations/so-many-frameworks-so-little-time.html 301
/presentations/transforming-the-designer-developer-workflow /blog/presentations/transforming-the-designer-developer-workflow.html 301

/presentations /blog/presentations

/press/freak-factory /freak-factory/press.html 301
/press/intergalactic-delivery-driver /intergalactic-delivery-driver/press.html 301
/press /contact.html 301
/press.html /contact.html 301

/blog/bubble-pack-becomes-freak-factory /freak-factory/blog/bubble-pack-becomes-freak-factory.html 301
/blog/bubble-pack-my-first-indie-game /freak-factory/blog/bubble-pack-my-first-indie-game.html 301
/blog/bubble-pack-update-gameplay /freak-factory/blog/bubble-pack-update-gameplay.html 301
/blog/bubble-pack-update-monetisation /freak-factory/blog/bubble-pack-update-monetisation.html 301
/blog/why-freak-factory /freak-factory/blog/why-freak-factory.html 301
/blog/refactoring-the-meta-game-in-intergalactic-delivery-driver /intergalactic-delivery-driver/blog/refactoring-the-meta-game-in-intergalactic-delivery-driver.html 301
/blog/taking-a-break /intergalactic-delivery-driver/blog/taking-a-break.html 301
/blog/flint-particle-system-tutorial /flint-particles/blog/flint-particle-system-tutorial.html 301
/blog/flint-particles-4-0-0-released /flint-particles/blog/version-4-0-0-released.html 301
/blog/flint-as3-particle-system /flint-particles/blog/flint-as3-particle-system.html 301
/blog/flint-particles-in-flex /flint-particles/blog/version-210-released.html 301
/blog/flint-particles-2-2-0-released /flint-particles/blog/version-2-2-0-released.html 301
/blog/3d-version-of-flint-particle-system /flint-particles/blog/version-20-alpha.html 301

/blog/dance-on-the-web /waterfall/ 301
/blog/better-without-singletons /blog/actionscript/better-without-singletons.html 301
/blog/create-your-own-weak-references-in-actionscript-3 /blog/actionscript/create-your-own-weak-references-in-actionscript-3.html 301
/blog/different-types-of-weak-references /blog/actionscript/different-types-of-weak-references.html 301
/blog/events-in-actionscript-2 /blog/actionscript/events-in-actionscript-2.html 301
/blog/events-in-actionscript-3 /blog/actionscript/events-in-actionscript-3.html 301
/blog/finite-state-machines-for-ai-in-actionscript /blog/actionscript/finite-state-machines-for-ai-in-actionscript.html 301
/blog/list-loader-for-actionscript-2 /blog/actionscript/list-loader-for-actionscript-2.html 301
/blog/object-pool-class /blog/actionscript/object-pool-class.html 301
/blog/polling-the-keyboard-in-actionscript-3 /blog/actionscript/polling-the-keyboard-in-actionscript-3.html 301
/blog/radial-perlin-noise /blog/actionscript/radial-perlin-noise.html 301
/blog/simple-example-of-acceleration /blog/actionscript/simple-example-of-acceleration.html 301
/blog/singleton-factory /blog/actionscript/singleton-factory.html 301
/blog/the-i-in-interface /blog/actionscript/the-i-in-interface.html 301
/blog/the-parentheses-operator /blog/actionscript/the-parentheses-operator.html 301
/blog/20-tips-for-creating-air-native-extensions-for-ios /blog/air/20-tips-for-creating-air-native-extensions-for-ios.html 301
/blog/using-the-ipad-retina-display-with-adobe-air /blog/air/using-the-ipad-retina-display-with-adobe-air.html 301
/blog/seeing-whats-really-there /blog/choreography-games/seeing-whats-really-there.html 301
/blog/what-makes-a-good-collaboration /blog/choreography-games/what-makes-a-good-collaboration.html 301
/blog/360flex-san-jose /blog/conferences/360flex-san-jose.html 301
/blog/back-from-flash-on-the-beach /blog/conferences/back-from-flash-on-the-beach.html 301
/blog/flash-on-the-beach-09 /blog/conferences/flash-on-the-beach-09.html 301
/blog/my-360flex-presentation /blog/conferences/my-360flex-presentation.html 301
/blog/one-conference-two-presentations /blog/conferences/one-conference-two-presentations.html 301
/blog/tryharder-level-up /blog/conferences/tryharder-level-up.html 301
/blog/architecture-of-coral-vs-vector3d-and-matrix3d /blog/coral/architecture-of-coral-vs-vector3d-and-matrix3d.html 301
/blog/bugs-in-vector3d-and-matrix3d /blog/coral/bugs-in-vector3d-and-matrix3d.html 301
/blog/introducing-coral-an-actionscript-library-for-3d-math /blog/coral/introducing-coral-an-actionscript-library-for-3d-math.html 301
/blog/performance-of-coral-vs-vector3d-and-matrix3d /blog/coral/performance-of-coral-vs-vector3d-and-matrix3d.html 301
/blog/custom-context-menu-with-keyboard-shortcuts-in-flash /blog/flash/custom-context-menu-with-keyboard-shortcuts-in-flash.html 301
/blog/flash-player-full-screen /blog/flash/flash-player-full-screen.html 301
/blog/free-flash-preloader-components /blog/flash/free-flash-preloader-components.html 301
/blog/protecting-a-swf /blog/flash/protecting-a-swf.html 301
/blog/showing-dhtml-content-on-top-of-flash-content /blog/flash/showing-dhtml-content-on-top-of-flash-content.html 301
/blog/so-what-are-adobe-up-to-with-flash /blog/flash/so-what-are-adobe-up-to-with-flash.html 301
/blog/swfencrypt-from-flash-using-jsfl /blog/flash/swfencrypt-from-flash-using-jsfl.html 301
/blog/accessing-the-component-instance-from-a-flex-skin /blog/flex/accessing-the-component-instance-from-a-flex-skin.html 301
/blog/asdoc-for-mxml-components /blog/flex/asdoc-for-mxml-components.html 301
/blog/moduleloader-applicationdomain /blog/flex/moduleloader-applicationdomain.html 301
/blog/using-textfields-and-bitmaps-in-a-programmatic-skin /blog/flex/using-textfields-and-bitmaps-in-a-programmatic-skin.html 301
/blog/flexcaster-cairngorm /blog/flex-mvc/flexcaster-cairngorm.html 301
/blog/flexcaster-flex3 /blog/flex-mvc/flexcaster-flex3.html 301
/blog/flexcaster-mate /blog/flex-mvc/flexcaster-mate.html 301
/blog/flexcaster-parsley /blog/flex-mvc/flexcaster-parsley.html 301
/blog/flexcaster-puremvc /blog/flex-mvc/flexcaster-puremvc.html 301
/blog/flexcaster-robotlegs /blog/flex-mvc/flexcaster-robotlegs.html 301
/blog/flexcaster-smartysignals /blog/flex-mvc/flexcaster-smartysignals.html 301
/blog/flexcaster-spring /blog/flex-mvc/flexcaster-spring.html 301
/blog/flexcaster-swiz /blog/flex-mvc/flexcaster-swiz.html 301
/blog/casual-multiplayer-gaming /blog/game-design/casual-multiplayer-gaming.html 301
/blog/monopoly-too-political-or-not-political-enough /blog/game-design/monopoly-too-political-or-not-political-enough.html 301
/blog/teaching-game-design /blog/game-design/teaching-game-design.html 301
/blog/the-choreography-of-monument-valley /blog/game-design/the-choreography-of-monument-valley.html 301
/blog/if-i-had-more-time /blog/general/if-i-had-more-time.html 301
/blog/most-people-are-good-people /blog/general/most-people-are-good-people.html 301
/blog/my-first-two-weeks-as-an-indie-game-developer /blog/general/my-first-two-weeks-as-an-indie-game-developer.html 301
/blog/the-ipad-is-not-a-computer /blog/general/the-ipad-is-not-a-computer.html 301
/blog/visiting-google-and-how-we-behave-if-something-is-free-and-plentiful /blog/general/visiting-google-and-how-we-behave-if-something-is-free-and-plentiful.html 301
/blog/dates-in-php-and-mysql /blog/php/dates-in-php-and-mysql.html 301
/blog/if-you-want-to-create-avm2-swfs-from-php /blog/php/if-you-want-to-create-avm2-swfs-from-php.html 301
/blog/managing-404-errors-in-the-zend-framework /blog/php/managing-404-errors-in-the-zend-framework.html 301
/blog/php-mail-and-gmail /blog/php/php-mail-and-gmail.html 301
/blog/php-nesting-level-too-deep-recursive-dependency /blog/php/php-nesting-level-too-deep-recursive-dependency.html 301
/blog/php-password-security /blog/php/php-password-security.html 301
/blog/zend_view-helpers-in-include-path /blog/php/zend_view-helpers-in-include-path.html 301
/blog/test-the-interface-not-the-implementation /blog/tdd/test-the-interface-not-the-implementation.html 301
/blog/why-write-the-unittest-first /blog/tdd/why-write-the-unittest-first.html 301
/blog/actionscript-3-training-in-the-uk /blog/training/actionscript-3-training-in-the-uk.html 301
/blog/theres-training-and-then-theres-training /blog/training/theres-training-and-then-theres-training.html 301
/blog/creating-scriptableobjects-in-unity /blog/unity/creating-scriptableobjects-in-unity.html 301
/blog/inversion-of-control-in-unity /blog/unity/inversion-of-control-in-unity.html 301
/blog/a-whiff-of-christmas /blog/web-games/a-whiff-of-christmas.html 301
/blog/best-soccer-game /blog/web-games/best-soccer-game.html 301
/blog/finite-state-machines-with-ash /blog/ecs/finite-state-machines-with-ash.html 301
/blog/introducing-ash /blog/ecs/introducing-ash.html 301
/blog/linked-list-performance-test /blog/actionscript/linked-list-performance-test.html 301
/blog/what-is-an-entity-framework /blog/ecs/what-is-an-entity-framework.html 301
/blog/why-use-an-entity-framework /blog/ecs/why-use-an-entity-framework.html 301
/blog/what-project-will-replace-the-flex-framework /blog/flex/ 301
/blog/actionscript-3-tetris-source-code /blog/actionscript/ 301

/blog/tag/ash /blog/ecs/ 301
/blog/tag/entity-systems /blog/ecs/ 301
/blog/tag/physics /blog/ 301
/blog/tag/performance /blog/ 301
/blog/tag/particles /flint-particles/ 301
/blog/tag/object-pool /blog/actionscript/object-pool-class.html 301
/blog/tag/free-code /open-source.html 301
/blog/tag/finite-state-machine /blog/actionscript/finite-state-machines-for-ai-in-actionscript.html 301
/blog/tag/ /blog/ 301

/consumers/webdances.php /waterfall/ 301
/edances/* /waterfall/ 301
/dance/web-dances /waterfall/ 301
/browserdance/opener.html /waterfall/ 301
/dance/* /waterfall/ 301

/blog/flint-particle-system-version-10-released /flint-particles/blog/version-100-released.html 301
/about/training/ /about/ 301
/tag/learning /blog/ 301
/freakfactory/ /freak-factory/ 301
/blog/application-frameworks-at-fotb /presentations/application-frameworks-the-good-the-bad-and-the-ugly.html 301
